query_class,query_name,vertices_involved,edges_involved,elapsed_ms,result_rows,params
centrality,kCoreDecomposition_k3,3764,10918,7249,3,"maxK=3;k1=3764|k2=2446|k3=1590|helpfulness>=0.50"
path,pathLengthDistribution_n5,6384,16685,22474,3,"|A|=5;|B|=5;productReviews>=500"
centrality,kCoreDecomposition_k4,6384,16685,10888,4,"maxK=4;k1=6384|k2=3796|k3=1745|k4=1709|productReviews>=500"
neighborhood,egoNetworkAggregation_top6,9000,24690,3825,6,"topN=6;helpfulness>=0.50"
neighborhood,multiHopDegreeDistribution_h1,10436,34676,1359,43,"hops=1;productReviews>=400"
centrality,localClusteringCoefficient,13469,43029,105596,13469,"score=[4.0,5.0]"
neighborhood,ratingSummary_min42,15948,49546,231,481,"minReviews=42;helpfulness>=0.50"
centrality,kCoreDecomposition_k4,15948,49546,12106,4,"maxK=4;k1=15948|k2=9451|k3=6709|k4=5239|helpfulness>=0.50"
path,reachabilityCounts_h2,18727,58700,3955,1575,"seeds=2;maxHops=2;h1=1428|h2=1575;score=[4.0,5.0]"
centrality,pageRankAggregation_i7,19212,57454,18288,19212,"iterations=7;helpfulness>=0.50"
path,pathLengthDistribution_n5,19212,57454,17610,2,"|A|=5;|B|=5;helpfulness>=0.50"
centrality,kCoreDecomposition_k3,22434,66602,14317,3,"maxK=3;k1=22434|k2=11936|k3=8633|helpfulness>=0.50"
path,reachabilityCounts_h1,22434,66602,2102,728,"seeds=2;maxHops=1;h1=728;helpfulness>=0.50"
neighborhood,ratingSummary_min28,22843,76419,184,206,"minReviews=28;productReviews>=250"
neighborhood,ratingSummary_min3,23373,75111,544,302,"minReviews=3;score=[4.0,5.0]"
centrality,kCoreDecomposition_k4,26728,74906,19303,4,"maxK=4;k1=26728|k2=13170|k3=9413|k4=7405|helpfulness>=0.50"
centrality,pageRankAggregation_i7,26728,74906,17163,26728,"iterations=7;helpfulness>=0.50"
neighborhood,ratingSummary_min29,26728,74906,239,951,"minReviews=29;helpfulness>=0.50"
neighborhood,multiHopDegreeDistribution_h1,28492,97445,1415,151,"hops=1;productReviews>=200"
centrality,kCoreDecomposition_k2,28492,97445,5807,2,"maxK=2;k1=28492|k2=17863|productReviews>=200"
centrality,pageRankAggregation_i7,28492,97445,12190,28492,"iterations=7;productReviews>=200"
neighborhood,ratingSummary_min40,28492,97445,399,302,"minReviews=40;productReviews>=200"
neighborhood,multiHopDegreeDistribution_h1,30740,104920,2877,189,"hops=1;score=[4.0,5.0]"
centrality,pageRankAggregation_i8,30740,104920,17310,30740,"iterations=8;score=[4.0,5.0]"
neighborhood,multiHopDegreeDistribution_h1,30740,104920,486,189,"hops=1;score=[4.0,5.0]"
centrality,kCoreDecomposition_k2,36190,119222,6096,2,"maxK=2;k1=36190|k2=20420|score=[4.0,5.0]"
path,pathLengthDistribution_n4,37863,135530,17694,1,"|A|=4;|B|=4;productReviews>=150"
path,shortestPathMetrics_L2,37863,135530,16009,10,"landmarks=2;productReviews>=150"
centrality,localClusteringCoefficient,37863,135530,35209,37863,"productReviews>=150"
path,reachabilityCounts_h3,41162,135494,6616,10741,"seeds=1;maxHops=3;h1=842|h2=1049|h3=10741;score=[4.0,5.0]"
neighborhood,egoNetworkAggregation_top7,44689,153969,8228,7,"topN=7;productReviews>=120"
path,shortestPathMetrics_L3,44689,153969,18848,11,"landmarks=3;productReviews>=120"
path,shortestPathMetrics_L1,44689,153969,14868,9,"landmarks=1;productReviews>=120"
neighborhood,egoNetworkAggregation_top6,44689,153969,2652,6,"topN=6;productReviews>=120"
path,shortestPathMetrics_L1,48340,151242,17639,9,"landmarks=1;score=[4.0,5.0]"
path,pathLengthDistribution_n5,48340,151242,23187,1,"|A|=5;|B|=5;score=[4.0,5.0]"
path,reachabilityCounts_h1,51133,176025,4644,1538,"seeds=2;maxHops=1;h1=1538;productReviews>=100"
path,reachabilityCounts_h3,58401,174805,7555,37460,"seeds=3;maxHops=3;h1=1980|h2=2709|h3=37460;score=[4.0,5.0]"
centrality,kCoreDecomposition_k3,59861,196121,13300,3,"maxK=3;k1=59861|k2=30776|k3=22661|productReviews>=80"
neighborhood,ratingSummary_min28,59861,196121,303,1093,"minReviews=28;productReviews>=80"
neighborhood,ratingSummary_min31,59861,196121,330,1093,"minReviews=31;productReviews>=80"
centrality,localClusteringCoefficient,59861,196121,36363,59861,"productReviews>=80"
path,pathLengthDistribution_n5,60389,130240,26255,2,"|A|=5;|B|=5;helpfulness>=0.50"
path,pathLengthDistribution_n3,60389,130240,24469,2,"|A|=3;|B|=3;helpfulness>=0.50"
path,shortestPathMetrics_L3,60389,130240,21185,15,"landmarks=3;helpfulness>=0.50"
path,reachabilityCounts_h2,65269,188711,6007,2033,"seeds=2;maxHops=2;h1=1428|h2=2033;score=[4.0,5.0]"
path,reachabilityCounts_h3,69013,141961,6684,18872,"seeds=3;maxHops=3;h1=1036|h2=1733|h3=18872;helpfulness>=0.50"
neighborhood,ratingSummary_min24,69013,141961,228,1810,"minReviews=24;helpfulness>=0.50"
neighborhood,ratingSummary_min8,72233,225914,265,1528,"minReviews=8;productReviews>=60"
path,pathLengthDistribution_n6,72233,225914,31996,1,"|A|=6;|B|=6;productReviews>=60"
centrality,localClusteringCoefficient,72233,225914,53541,72233,"productReviews>=60"
centrality,kCoreDecomposition_k4,80612,243111,17629,4,"maxK=4;k1=80612|k2=38320|k3=27649|k4=22304|productReviews>=50"
path,shortestPathMetrics_L2,91787,263068,25452,10,"landmarks=2;productReviews>=40"
path,shortestPathMetrics_L1,108413,291663,30791,11,"landmarks=1;productReviews>=30"
centrality,pageRankAggregation_i6,108413,291663,20081,108413,"iterations=6;productReviews>=30"
path,reachabilityCounts_h1,108413,291663,3928,2148,"seeds=3;maxHops=1;h1=2148;productReviews>=30"
path,shortestPathMetrics_L3,120553,312729,27402,13,"landmarks=3;productReviews>=25"
path,reachabilityCounts_h2,120553,312729,3572,2523,"seeds=2;maxHops=2;h1=1538|h2=2523;productReviews>=25"
path,shortestPathMetrics_L1,135420,336911,32876,11,"landmarks=1;productReviews>=20"
neighborhood,multiHopDegreeDistribution_h1,135420,336911,973,293,"hops=1;productReviews>=20"
